{"cameraMode":{"drawMode":0,"name":"Shaded","section":"Shading Mode"},"sceneLighting":false,"audioPlay":false,"sceneViewState":{"showFog":true,"showMaterialUpdate":true,"showSkybox":false,"showFlares":true,"showImageEffects":true,"showParticleSystems":true},"in2DMode":false,"pivot":{"x":0.04296875,"y":-0.09112548828125,"z":0.0911865234375},"rotation":{"x":0.19343571364879609,"y":0.3798413872718811,"z":-0.0815611258149147,"w":0.9009219408035278},"size":0.38703495264053347,"orthographic":true}