{"cameraMode":{"drawMode":0,"name":"Shaded","section":"Shading Mode"},"sceneLighting":false,"audioPlay":false,"sceneViewState":{"showFog":true,"showMaterialUpdate":true,"showSkybox":false,"showFlares":true,"showImageEffects":true,"showParticleSystems":true},"in2DMode":false,"pivot":{"x":-0.000014096498489379883,"y":0.02686566859483719,"z":-0.007806204259395599},"rotation":{"x":0.020770080387592317,"y":0.3842504322528839,"z":-0.008647086098790169,"w":0.9229583740234375},"size":0.2958377003669739,"orthographic":true}