{"cameraMode":{"drawMode":0,"name":"Shaded","section":"Shading Mode"},"sceneLighting":false,"audioPlay":false,"sceneViewState":{"showFog":true,"showMaterialUpdate":true,"showSkybox":false,"showFlares":true,"showImageEffects":true,"showParticleSystems":true},"in2DMode":false,"pivot":{"x":-0.0009194314479827881,"y":0.02162133902311325,"z":0.0015578418970108033},"rotation":{"x":0.09631095826625824,"y":0.7349198460578919,"z":-0.10679764300584793,"w":0.6627413630485535},"size":0.3040093183517456,"orthographic":false}