{"cameraMode":{"drawMode":0,"name":"Shaded","section":"Shading Mode"},"sceneLighting":false,"audioPlay":false,"sceneViewState":{"showFog":true,"showMaterialUpdate":true,"showSkybox":false,"showFlares":true,"showImageEffects":true,"showParticleSystems":true},"in2DMode":false,"pivot":{"x":0.51251220703125,"y":1.50152587890625,"z":0.4949951171875},"rotation":{"x":0.0752619281411171,"y":0.8854060173034668,"z":-0.15426577627658845,"w":0.4319649636745453},"size":0.014483364298939705,"orthographic":true}