{"cameraMode":{"drawMode":0,"name":"Shaded","section":"Shading Mode"},"sceneLighting":true,"audioPlay":false,"sceneViewState":{"showFog":true,"showMaterialUpdate":true,"showSkybox":true,"showFlares":true,"showImageEffects":true,"showParticleSystems":true},"in2DMode":false,"pivot":{"x":0.10069496929645539,"y":0.18120038509368897,"z":0.1015942245721817},"rotation":{"x":-0.6267859935760498,"y":0.02269301563501358,"z":-0.019516276195645334,"w":-0.7787962555885315},"size":1.002290964126587,"orthographic":false}