{"cameraMode":{"drawMode":0,"name":"Shaded","section":"Shading Mode"},"sceneLighting":false,"audioPlay":false,"sceneViewState":{"showFog":true,"showMaterialUpdate":true,"showSkybox":false,"showFlares":true,"showImageEffects":true,"showParticleSystems":true},"in2DMode":false,"pivot":{"x":0.518310546875,"y":0.4948325753211975,"z":0.49326324462890627},"rotation":{"x":-0.0031628208234906198,"y":0.7113295197486877,"z":0.003201005281880498,"w":0.7028443813323975},"size":0.027734888717532159,"orthographic":true}