{"cameraMode":{"drawMode":0,"name":"Shaded","section":"Shading Mode"},"sceneLighting":false,"audioPlay":false,"sceneViewState":{"showFog":true,"showMaterialUpdate":true,"showSkybox":false,"showFlares":true,"showImageEffects":true,"showParticleSystems":true},"in2DMode":false,"pivot":{"x":-0.003353893756866455,"y":0.04332141578197479,"z":-0.0018458068370819092},"rotation":{"x":0.020770080387592317,"y":0.3842504322528839,"z":-0.008647086098790169,"w":0.9229583740234375},"size":0.607849657535553,"orthographic":true}