{"cameraMode":{"drawMode":0,"name":"Shaded","section":"Shading Mode"},"sceneLighting":false,"audioPlay":false,"sceneViewState":{"showFog":true,"showMaterialUpdate":true,"showSkybox":false,"showFlares":true,"showImageEffects":true,"showParticleSystems":true},"in2DMode":false,"pivot":{"x":0.4957011938095093,"y":1.0100346803665162,"z":0.4768296182155609},"rotation":{"x":0.094655342400074,"y":0.733259916305542,"z":-0.10429328680038452,"w":0.665236234664917},"size":0.060104530304670337,"orthographic":false}