{"cameraMode":{"drawMode":0,"name":"Shaded","section":"Shading Mode"},"sceneLighting":false,"audioPlay":false,"sceneViewState":{"showFog":true,"showMaterialUpdate":true,"showSkybox":false,"showFlares":true,"showImageEffects":true,"showParticleSystems":true},"in2DMode":false,"pivot":{"x":0.5,"y":1.024999976158142,"z":0.5024999976158142},"rotation":{"x":0.0023656163830310108,"y":0.7000710964202881,"z":-0.0023151508066803219,"w":0.7140769362449646},"size":0.031149815768003465,"orthographic":false}