{"cameraMode":{"drawMode":0,"name":"Shaded","section":"Shading Mode"},"sceneLighting":false,"audioPlay":false,"sceneViewState":{"showFog":true,"showMaterialUpdate":true,"showSkybox":false,"showFlares":true,"showImageEffects":true,"showParticleSystems":true},"in2DMode":false,"pivot":{"x":176.99998474121095,"y":104.0,"z":-52.0000114440918},"rotation":{"x":0.687810480594635,"y":0.004401654005050659,"z":-0.004127143882215023,"w":0.72599196434021},"size":425.4553527832031,"orthographic":false}