{"cameraMode":{"drawMode":0,"name":"Shaded","section":"Shading Mode"},"sceneLighting":false,"audioPlay":false,"sceneViewState":{"showFog":true,"showMaterialUpdate":true,"showSkybox":false,"showFlares":true,"showImageEffects":true,"showParticleSystems":true},"in2DMode":false,"pivot":{"x":-7.880377292633057,"y":25.3641357421875,"z":2.5375757217407228},"rotation":{"x":0.12459760159254074,"y":0.8204176425933838,"z":-0.195566326379776,"w":0.5227347016334534},"size":132.7411651611328,"orthographic":false}